{"count":1,"self":23.4241344,"total":29.056823599999998,"children":{"InitializeActuators":{"count":4,"self":0.0010000999999999999,"total":0.0010000999999999999,"children":null},"InitializeSensors":{"count":4,"self":0,"total":0,"children":null},"AgentSendState":{"count":1373,"self":0.0083864,"total":0.048672799999999995,"children":{"CollectObservations":{"count":1108,"self":0.014979899999999999,"total":0.014979899999999999,"children":null},"WriteActionMask":{"count":1108,"self":0.0030253999999999997,"total":0.0030253999999999997,"children":null},"RequestDecision":{"count":1108,"self":0.0056482999999999993,"total":0.022281099999999998,"children":{"AgentInfo.ToProto":{"count":1108,"self":0.0015176999999999999,"total":0.0166328,"children":{"GenerateSensorData":{"count":1108,"self":0.0151151,"total":0.0151151,"children":null}}}}}}},"DecideAction":{"count":1373,"self":5.5467632,"total":5.5467632999999994,"children":null},"AgentAct":{"count":1373,"self":0.0324319,"total":0.0324319,"children":null}},"gauges":{},"metadata":{"timer_format_version":"0.1.0","start_time_seconds":"1711853161","unity_version":"2022.3.4f1","command_line_arguments":"C:\\Dev\\Unity-ml-agents\\ml-agents\\IFT-608-custom-trainers\\custom-trainers\\..\\CustomSoccer\\UnityEnvironment.exe --mlagents-port 5005","communication_protocol_version":"1.5.0","com.unity.ml-agents_version":"3.0.0-exp.1","scene_name":"SoccerTwos","end_time_seconds":"1711853190"}}